date,ifix_value,title_sentiment,snippet_sentiment,average_sentiment
2021-12-01,2581.29,-0.09867,0.0,-0.04933
2021-12-02,2582.87,,,
2021-12-03,2610.67,0.0,-0.5106,-0.2553
2021-12-04,,-0.2263,0.0,-0.11315
2021-12-05,,,,
2021-12-06,2643.1,0.17935,0.5521,0.36572
2021-12-07,2660.89,0.0,0.3612,0.1806
2021-12-08,2673.21,0.2345,-0.09897,0.06777
2021-12-09,2669.06,0.5256,0.296,0.4108
2021-12-10,2673.94,-0.21075,-0.23835,-0.22455
2021-12-11,,,,
2021-12-12,,,,
2021-12-13,2673.92,0.0,0.1806,0.0903
2021-12-14,2668.73,,,
2021-12-15,2676.14,0.07543,0.0282,0.05182
2021-12-16,2681.35,-0.3612,0.0258,-0.1677
2021-12-17,2694.73,,,
2021-12-18,,,,
2021-12-19,,0.3818,0.4215,0.40165
2021-12-20,2695.05,0.0,0.0,0.0
2021-12-21,2703.24,0.262,0.3901,0.32605
2021-12-22,2706.64,0.4466,0.1779,0.31225
2021-12-23,2724.6,0.0,0.10607,0.05303
2021-12-24,,,,
2021-12-25,,,,
2021-12-26,,-0.3454,0.0,-0.1727
2021-12-27,2743.68,-0.5423,-0.8625,-0.7024
2021-12-28,2768.02,-0.9201,-0.5994,-0.75975
2021-12-29,2789.32,,,
2021-12-30,2804.79,-0.2997,-0.3919,-0.3458
2021-12-31,,0.0,0.0,0.0
2022-01-01,,,,
2022-01-02,,,,
2022-01-03,2789.14,0.0,0.0,0.0
2022-01-04,2787.26,-0.16605,-0.17,-0.16802
2022-01-05,2760.14,-0.2167,0.15463,-0.03103
2022-01-06,2757.29,0.15583,-0.0076,0.07412
2022-01-07,2759.57,,,
2022-01-08,,0.5574,0.5574,0.5574
2022-01-09,,-0.7964,-0.7184,-0.7574
2022-01-10,2752.14,,,
2022-01-11,2754.41,0.0,0.09107,0.04553
2022-01-12,2764.28,-0.12327,-0.40967,-0.26647
2022-01-13,2764.6,,,
2022-01-14,2782.9,0.5859,0.2732,0.42955
2022-01-15,,,,
2022-01-16,,,,
2022-01-17,2795.85,,,
2022-01-18,2802.02,0.0,0.0,0.0
2022-01-19,2807.06,,,
2022-01-20,2804.56,-0.31588,-0.02958,-0.17273
2022-01-21,2810.25,0.1779,0.5994,0.38865
2022-01-22,,,,
2022-01-23,,,,
2022-01-24,2799.78,-0.765,0.2748,-0.2451
2022-01-25,2792.61,0.1974,0.22135,0.20938
2022-01-26,2772.94,0.0,0.34,0.17
2022-01-27,2767.02,0.0,0.044,0.022
2022-01-28,2769.9,0.44475,0.2616,0.35317
2022-01-29,,,,
2022-01-30,,,,
2022-01-31,2776.92,-0.32985,-0.33525,-0.33255
2022-02-01,2776.61,0.0,0.4404,0.2202
2022-02-02,2771.01,-0.14513,0.0901,-0.02752
2022-02-03,2767.59,,,
2022-02-04,2771.91,,,
2022-02-05,,-0.8934,-0.6597,-0.77655
2022-02-06,,,,
2022-02-07,2765.64,-0.836,0.0,-0.418
2022-02-08,2762.57,,,
2022-02-09,2763.76,0.1591,0.42245,0.29078
2022-02-10,2761.03,,,
2022-02-11,2762.7,0.1779,0.1779,0.1779
2022-02-12,,,,
2022-02-13,,,,
2022-02-14,2753.16,0.3034,-0.4588,-0.0777
2022-02-15,2750.97,,,
2022-02-16,2747.53,-0.1837,-0.00285,-0.09328
2022-02-17,2746.55,-0.37263,0.1368,-0.11792
2022-02-18,2751.56,0.296,-0.3612,-0.0326
2022-02-19,,0.2732,0.2732,0.2732
2022-02-20,,,,
2022-02-21,2741.59,-0.2493,-0.18077,-0.21503
2022-02-22,2733.35,0.44456,0.29562,0.37009
2022-02-23,2729.33,0.5574,0.5859,0.57165
2022-02-24,2709.75,-0.45855,0.064,-0.19728
2022-02-25,2741.15,0.31957,-0.09497,0.1123
2022-02-26,,,,
2022-02-27,,0.1204,-0.6067,-0.24315
2022-02-28,,,,
2022-03-01,,0.0,0.0,0.0
2022-03-02,2736.58,-0.0374,0.5362,0.2494
2022-03-03,2742.02,,,
2022-03-04,2741.72,-0.3119,-0.3071,-0.3095
2022-03-05,,,,
2022-03-06,,,,
2022-03-07,2730.86,0.0,0.0,0.0
2022-03-08,2725.71,0.0,0.125,0.0625
2022-03-09,2724.8,0.0,0.0,0.0
2022-03-10,2724.42,0.4242,0.2294,0.3268
2022-03-11,2719.78,0.06617,0.27153,0.16885
2022-03-12,,,,
2022-03-13,,,,
2022-03-14,2704.57,0.3034,0.6124,0.4579
2022-03-15,2707.76,,,
2022-03-16,2710.31,,,
2022-03-17,2708.51,0.0,0.0,0.0
2022-03-18,2719.17,-0.6597,-0.5994,-0.62955
2022-03-19,,0.2787,0.4339,0.3563
2022-03-20,,,,
2022-03-21,2720.15,0.0,0.0,0.0
2022-03-22,2730.52,,,
2022-03-23,2734.59,0.0,0.0,0.0
2022-03-24,2732.68,0.4404,0.7269,0.58365
2022-03-25,2748.27,-0.6908,0.4019,-0.14445
2022-03-26,,,,
2022-03-27,,0.0,0.0,0.0
2022-03-28,2748.26,0.11544,0.08768,0.10156
2022-03-29,2762.05,,,
2022-03-30,2772.17,0.1779,0.1027,0.1403
2022-03-31,2779.97,0.0,0.0,0.0
2022-04-01,2798.71,,,
2022-04-02,,-0.1863,-0.33525,-0.26077
2022-04-03,,,,
2022-04-04,2807.19,,,
2022-04-05,2805.6,0.138,0.18088,0.15944
2022-04-06,2803.89,0.0,-0.0516,-0.0258
2022-04-07,2805.35,0.0152,-0.15387,-0.06933
2022-04-08,2808.83,0.4019,0.0,0.20095
2022-04-09,,,,
2022-04-10,,,,
2022-04-11,2807.58,0.0,0.1779,0.08895
2022-04-12,2808.97,0.2914,-0.03775,0.12682
2022-04-13,2803.59,0.0677,0.14436,0.10603
2022-04-14,2808.6,-0.1806,0.03397,-0.07332
2022-04-15,,0.0,0.0,0.0
2022-04-16,,,,
2022-04-17,,,,
2022-04-18,2801.91,0.0,0.25508,0.12754
2022-04-19,2805.38,,,
2022-04-20,2808.21,-0.10473,-0.06337,-0.08405
2022-04-21,,0.0,0.4019,0.20095
2022-04-22,2810.29,0.36717,-0.3404,0.01338
2022-04-23,,,,
2022-04-24,,,,
2022-04-25,2805.31,0.0,-0.118,-0.059
2022-04-26,2801.99,0.3034,0.0,0.1517
2022-04-27,2801.2,0.05743,0.51183,0.28463
2022-04-28,2804.83,-0.03095,0.106,0.03753
2022-04-29,2813.06,0.0,0.0,0.0
2022-04-30,,,,
2022-05-01,,,,
2022-05-02,2798.16,0.0,0.0,0.0
2022-05-03,2794.89,-0.24383,0.0,-0.12192
2022-05-04,2787.91,-0.50335,-0.0258,-0.26458
2022-05-05,2782.46,0.17253,-0.17223,0.00015
2022-05-06,2779.36,-0.13397,0.07543,-0.02927
2022-05-07,,,,
2022-05-08,,,,
2022-05-09,2769.8,,,
2022-05-10,2768.12,,,
2022-05-11,2763.86,-0.1405,0.25943,0.05947
2022-05-12,2755.79,0.0,0.0,0.0
2022-05-13,2771.87,0.34,0.2263,0.28315
2022-05-14,,,,
2022-05-15,,,,
2022-05-16,2768.63,0.0,0.0,0.0
2022-05-17,2776.62,0.0,0.1779,0.08895
2022-05-18,2777.46,0.4588,0.34,0.3994
2022-05-19,2779.16,,,
2022-05-20,2784.57,0.2061,0.2061,0.2061
2022-05-21,,,,
2022-05-22,,,,
2022-05-23,2789.37,0.0511,0.1014,0.07625
2022-05-24,2791.1,-0.6059,-0.4723,-0.5391
2022-05-25,2793.18,-0.03423,0.03177,-0.00123
2022-05-26,2795.69,-0.2658,0.0836,-0.0911
2022-05-27,2806.52,0.0,-0.2023,-0.10115
2022-05-28,,,,
2022-05-29,,-0.1779,-0.6249,-0.4014
2022-05-30,2812.62,-0.5994,-0.7579,-0.67865
2022-05-31,2820.45,,,
2022-06-01,2823.08,,,
2022-06-02,2826.25,,,
2022-06-03,2830.26,0.0,0.3612,0.1806
2022-06-04,,,,
2022-06-05,,,,
2022-06-06,2829.29,0.064,0.1366,0.1003
2022-06-07,2824.87,0.1025,-0.12397,-0.01073
2022-06-08,2822.8,-0.07655,0.09505,0.00925
2022-06-09,2817.79,0.0593,0.1965,0.1279
2022-06-10,2813.64,-0.17,-0.3774,-0.2737
2022-06-11,,0.4019,0.4019,0.4019
2022-06-12,,,,
2022-06-13,2802.54,,,
2022-06-14,2801.27,0.0,0.0,0.0
2022-06-15,2804.38,-0.1531,-0.1531,-0.1531
2022-06-16,,,,
2022-06-17,2802.02,0.1779,-0.25,-0.03605
2022-06-18,,-0.128,0.1779,0.02495
2022-06-19,,-0.61685,-0.6669,-0.64188
2022-06-20,2811.25,0.0,-0.4939,-0.24695
2022-06-21,2813.08,,,
2022-06-22,2808.42,0.20095,0.22455,0.21275
2022-06-23,2802.66,-0.08947,0.24472,0.07762
2022-06-24,2802.37,,,
2022-06-25,,,,
2022-06-26,,,,
2022-06-27,2800.55,0.17,0.3066,0.2383
2022-06-28,2793.71,0.148,0.4884,0.3182
2022-06-29,2792.39,0.45505,0.37415,0.4146
2022-06-30,2795.62,0.296,0.296,0.296
2022-07-01,2792.12,,,
2022-07-02,,0.3252,0.0,0.1626
2022-07-03,,,,
2022-07-04,2793.4,,,
2022-07-05,2783.8,0.0,0.4939,0.24695
2022-07-06,2788.63,0.148,0.1562,0.1521
2022-07-07,2792.59,0.40085,0.50065,0.45075
2022-07-08,2792.01,0.0593,0.2732,0.16625
2022-07-09,,,,
2022-07-10,,,,
2022-07-11,2786.81,0.3548,0.064,0.2094
2022-07-12,2780.3,0.27115,-0.08645,0.09235
2022-07-13,2773.14,-0.34,0.7425,0.20125
2022-07-14,2775.88,-0.3818,-0.5423,-0.46205
2022-07-15,2778.14,,,
2022-07-16,,,,
2022-07-17,,,,
2022-07-18,2779.77,-0.3612,-0.802,-0.5816
2022-07-19,2784.13,-0.25,0.0,-0.125
2022-07-20,2789.52,0.3182,0.6369,0.47755
2022-07-21,2791.03,0.1591,0.2787,0.2189
2022-07-22,2793.34,-0.47185,-0.51555,-0.4937
2022-07-23,,,,
2022-07-24,,,,
2022-07-25,2792.96,0.11352,0.18546,0.14949
2022-07-26,2794.0,,,
2022-07-27,2794.62,,,
2022-07-28,2801.68,0.25943,0.16463,0.21203
2022-07-29,2814.1,-0.0602,-0.10757,-0.08388
2022-07-30,,0.49305,0.6223,0.55768
2022-07-31,,,,
2022-08-01,2803.32,0.0,0.0,0.0
2022-08-02,2808.65,0.05135,0.08895,0.07015
2022-08-03,2806.25,0.08665,-0.0864,0.00013
2022-08-04,2811.2,-0.4404,0.0,-0.2202
2022-08-05,2817.42,0.0,0.3612,0.1806
2022-08-06,,,,
2022-08-07,,,,
2022-08-08,2821.16,0.0,0.0,0.0
2022-08-09,2825.74,0.09505,-0.10863,-0.00679
2022-08-10,2832.94,0.0,0.0,0.0
2022-08-11,2851.58,0.12287,-0.01615,0.05336
2022-08-12,2870.95,,,
2022-08-13,,,,
2022-08-14,,,,
2022-08-15,2902.06,0.48783,-0.05103,0.2184
2022-08-16,2908.29,,,
2022-08-17,2916.99,-0.1106,-0.00425,-0.05742
2022-08-18,2920.92,,,
2022-08-19,2923.16,,,
2022-08-20,,,,
2022-08-21,,0.0,0.0,0.0
2022-08-22,2929.78,0.23343,0.13727,0.18535
2022-08-23,2931.46,0.2023,0.4767,0.3395
2022-08-24,2929.11,0.25445,0.53865,0.39655
2022-08-25,2933.26,-0.5574,-0.5574,-0.5574
2022-08-26,2940.71,,,
2022-08-27,,,,
2022-08-28,,,,
2022-08-29,2952.45,,,
2022-08-30,2957.24,-0.05503,0.2338,0.08938
2022-08-31,2976.23,-0.39995,0.2997,-0.05012
2022-09-01,2968.97,0.025,-0.09165,-0.03333
2022-09-02,2975.51,0.0,-0.2901,-0.14505
2022-09-03,,-0.2294,0.08895,-0.07022
2022-09-04,,,,
2022-09-05,2980.81,,,
2022-09-06,2977.07,-0.2787,-0.28595,-0.28232
2022-09-07,,0.10115,0.10115,0.10115
2022-09-08,2974.43,0.1531,0.0,0.07655
2022-09-09,2980.06,0.0,0.0,0.0
2022-09-10,,-0.2732,-0.4767,-0.37495
2022-09-11,,,,
2022-09-12,2973.68,-0.10607,0.255,0.07447
2022-09-13,2973.51,,,
2022-09-14,2968.92,0.0,0.34,0.17
2022-09-15,2971.49,-0.06347,0.12483,0.03068
2022-09-16,2984.44,,,
2022-09-17,,0.4007,0.07415,0.23742
2022-09-18,,,,
2022-09-19,2983.78,0.0,0.0258,0.0129
2022-09-20,2987.89,0.3295,0.0,0.16475
2022-09-21,2989.12,-0.31108,-0.0877,-0.19939
2022-09-22,2994.65,0.5423,-0.3612,0.09055
2022-09-23,2990.3,0.09867,0.12762,0.11314
2022-09-24,,,,
2022-09-25,,,,
2022-09-26,2984.31,-0.04315,-0.04315,-0.04315
2022-09-27,2979.49,-0.6249,-0.128,-0.37645
2022-09-28,2975.15,,,
2022-09-29,2972.49,-0.20932,-0.15892,-0.18412
2022-09-30,2990.8,-0.0898,0.2616,0.0859
2022-10-01,,0.0,0.1531,0.07655
2022-10-02,,0.0,0.0,0.0
2022-10-03,2982.9,0.12155,0.24775,0.18465
2022-10-04,2985.08,,,
2022-10-05,2986.5,0.5719,0.7184,0.64515
2022-10-06,2995.6,0.08895,0.2119,0.15042
2022-10-07,3002.83,0.0593,0.11467,0.08698
2022-10-08,,0.0,-0.2023,-0.10115
2022-10-09,,,,
2022-10-10,2998.46,0.0,0.0,0.0
2022-10-11,2999.96,0.0,0.1909,0.09545
2022-10-12,,-0.3818,0.0,-0.1909
2022-10-13,2992.58,0.0,0.0,0.0
2022-10-14,2991.66,0.0,0.0,0.0
2022-10-15,,,,
2022-10-16,,,,
2022-10-17,2982.34,0.0,-0.4588,-0.2294
2022-10-18,2987.1,0.0251,0.35267,0.18888
2022-10-19,2986.43,-0.1147,-0.13362,-0.12416
2022-10-20,2992.35,0.45855,0.4491,0.45382
2022-10-21,2999.05,0.22615,-0.25705,-0.01545
2022-10-22,,0.6249,0.6249,0.6249
2022-10-23,,0.2143,0.1562,0.18525
2022-10-24,2993.16,0.0593,-0.06533,-0.00302
2022-10-25,2993.37,0.2732,0.2732,0.2732
2022-10-26,2991.0,0.0593,0.24313,0.15122
2022-10-27,2992.35,0.1909,0.1909,0.1909
2022-10-28,2993.69,,,
2022-10-29,,,,
2022-10-30,,0.47177,0.1891,0.33043
2022-10-31,2991.45,0.17823,0.2116,0.19491
2022-11-01,2989.15,0.16325,0.00098,0.08211
2022-11-02,,0.4019,0.4215,0.4117
2022-11-03,2988.75,-0.11315,-0.05095,-0.08205
2022-11-04,2993.06,-0.20095,0.5574,0.17822
2022-11-05,,0.0,0.1779,0.08895
2022-11-06,,,,
2022-11-07,2987.19,0.34,0.8316,0.5858
2022-11-08,2983.37,,,
2022-11-09,2969.14,-0.08308,-0.0537,-0.06839
2022-11-10,2941.54,0.0,0.0,0.0
2022-11-11,2934.71,-0.3698,0.07045,-0.14967
2022-11-12,,-0.1366,-0.21075,-0.17368
2022-11-13,,,,
2022-11-14,2931.19,0.0086,0.2199,0.11425
2022-11-15,,,,
2022-11-16,2914.4,0.8591,0.4588,0.65895
2022-11-17,2864.01,0.1027,0.4767,0.2897
2022-11-18,2878.28,0.17,0.395,0.2825
2022-11-19,,0.4118,-0.1027,0.15455
2022-11-20,,0.0,0.0,0.0
2022-11-21,2867.85,0.0,0.0,0.0
2022-11-22,2866.5,,,
2022-11-23,2858.85,-0.03892,0.20493,0.083
2022-11-24,2858.55,0.0,0.6249,0.31245
2022-11-25,2852.69,-0.2553,-0.3062,-0.28075
2022-11-26,,,,
2022-11-27,,,,
2022-11-28,2850.52,0.30442,0.02075,0.16259
2022-11-29,2851.29,0.1292,0.1292,0.1292
2022-11-30,2867.21,0.08895,0.08895,0.08895
2022-12-01,2877.88,0.06714,0.13254,0.09984
2022-12-02,2893.69,0.0,0.281,0.1405
2022-12-03,,0.0,0.0,0.0
2022-12-04,,0.0,-0.4215,-0.21075
2022-12-05,2889.07,0.0,0.0,0.0
2022-12-06,2881.58,0.5859,0.9349,0.7604
2022-12-07,2876.21,0.128,0.6249,0.37645
2022-12-08,2862.98,0.04267,0.13397,0.08832
2022-12-09,2866.28,0.1858,0.20157,0.19368
2022-12-10,,,,
2022-12-11,,,,
2022-12-12,2846.77,0.31245,0.24845,0.28045
2022-12-13,2827.17,-0.12753,0.1468,0.00963
2022-12-14,2801.87,0.1096,-0.1031,0.00325
2022-12-15,2786.08,0.056,-0.00547,0.02527
2022-12-16,2780.48,,,
2022-12-17,,,,
2022-12-18,,,,
2022-12-19,2762.37,-0.01612,-0.0268,-0.02146
2022-12-20,2779.54,0.6908,0.6486,0.6697
2022-12-21,2799.72,,,
2022-12-22,2801.14,-0.6249,-0.6249,-0.6249
2022-12-23,2820.03,0.0,0.0,0.0
2022-12-24,,0.0,0.6249,0.31245
2022-12-25,,-0.7717,-0.7579,-0.7648
2022-12-26,2826.99,,,
2022-12-27,2834.46,,,
2022-12-28,2850.52,-0.5045,0.0086,-0.24795
2022-12-29,2867.13,-0.5357,0.1321,-0.2018
2022-12-30,,-0.296,-0.5267,-0.41135
2022-12-31,,0.10115,0.31245,0.2068
2023-01-01,,-0.04183,0.14983,0.054
2023-01-02,2861.1,0.10846,0.28824,0.19835
2023-01-03,2855.21,0.08895,0.0498,0.06937
2023-01-04,2846.9,-0.07695,-0.343,-0.20998
2023-01-05,2855.86,,,
2023-01-06,2850.98,-0.296,-0.0772,-0.1866
2023-01-07,,,,
2023-01-08,,0.34288,0.60632,0.4746
2023-01-09,2845.35,-0.54663,0.02903,-0.2588
2023-01-10,2845.39,-0.28652,-0.11338,-0.19995
2023-01-11,2839.07,-0.2083,0.00783,-0.10023
2023-01-12,2833.33,0.14615,0.17,0.15808
2023-01-13,2838.74,-0.23868,0.3226,0.04196
2023-01-14,,-0.7845,-0.3612,-0.57285
2023-01-15,,,,
2023-01-16,2840.79,,,
2023-01-17,2838.03,-0.14792,-0.39305,-0.27049
2023-01-18,2838.73,-0.1909,-0.26335,-0.22712
2023-01-19,2824.92,0.0,0.14788,0.07394
2023-01-20,2826.67,-0.1702,-0.39543,-0.28282
2023-01-21,,,,
2023-01-22,,0.10205,-0.54105,-0.2195
2023-01-23,2815.86,-0.05658,0.00342,-0.02658
2023-01-24,2811.9,0.1806,-0.1806,0.0
2023-01-25,2816.54,-0.15158,0.0762,-0.03769
2023-01-26,2809.44,,,
2023-01-27,2809.46,0.0,0.0,0.0
2023-01-28,,0.0,0.0,0.0
2023-01-29,,,,
2023-01-30,2807.88,0.0,-0.41285,-0.20643
2023-01-31,2821.14,-0.0086,0.0181,0.00475
2023-02-01,2807.02,-0.09363,0.16707,0.03672
2023-02-02,2814.15,-0.23922,-0.26518,-0.2522
2023-02-03,2815.69,,,
2023-02-04,,0.0,0.0,0.0
2023-02-05,,0.4767,0.4767,0.4767
2023-02-06,2811.12,0.0,0.0,0.0
2023-02-07,2804.81,-0.10105,0.25975,0.07935
2023-02-08,2798.31,-0.0585,-0.08895,-0.07372
2023-02-09,2791.44,0.2732,-0.6249,-0.17585
2023-02-10,2785.52,0.19327,0.2061,0.19968
2023-02-11,,,,
2023-02-12,,,,
2023-02-13,2774.4,0.0,-0.3612,-0.1806
2023-02-14,2778.7,0.1027,0.0754,0.08905
2023-02-15,2782.91,-0.3919,-0.128,-0.25995
2023-02-16,2780.71,-0.23835,0.20215,-0.0181
2023-02-17,2797.4,0.15293,0.184,0.16847
2023-02-18,,-0.2294,-0.18415,-0.20677
2023-02-19,,,,
2023-02-20,,-0.4609,-0.7593,-0.6101
2023-02-21,,-0.5994,-0.836,-0.7177
2023-02-22,2797.85,-0.4939,-0.4939,-0.4939
2023-02-23,2793.49,,,
2023-02-24,2803.11,,,
2023-02-25,,,,
2023-02-26,,-0.3818,-0.6808,-0.5313
2023-02-27,2808.07,0.00463,-0.2696,-0.13248
2023-02-28,2808.39,0.1582,0.11315,0.13567
2023-03-01,2808.7,0.4588,0.4767,0.46775
2023-03-02,2810.98,0.03474,0.10546,0.0701
2023-03-03,2821.35,0.22834,0.194,0.21117
2023-03-04,,0.0,0.0,0.0
2023-03-05,,0.0,0.0,0.0
2023-03-06,2811.73,-0.2275,0.4052,0.08885
2023-03-07,2809.1,0.15922,0.2687,0.21396
2023-03-08,2798.4,,,
2023-03-09,2791.81,-0.01465,0.20082,0.09309
2023-03-10,2788.51,0.1761,0.42893,0.30252
2023-03-11,,,,
2023-03-12,,,,
2023-03-13,2772.75,-0.3182,-0.5423,-0.43025
2023-03-14,2774.85,0.0,-0.0772,-0.0386
2023-03-15,2778.06,-0.2202,-0.21075,-0.21548
2023-03-16,2777.15,-0.4404,0.7351,0.14735
2023-03-17,2776.03,0.0,0.0,0.0
2023-03-18,,,,
2023-03-19,,0.5994,0.2617,0.43055
2023-03-20,2768.22,,,
2023-03-21,2769.48,0.0,0.2732,0.1366
2023-03-22,2768.43,0.0258,-0.25705,-0.11562
2023-03-23,2760.67,-0.34,-0.4939,-0.41695
2023-03-24,2770.26,0.2407,0.1983,0.2195
2023-03-25,,,,
2023-03-26,,0.0772,0.0,0.0386
2023-03-27,2767.27,,,
2023-03-28,2763.77,-0.2846,-0.29295,-0.28877
2023-03-29,2744.39,0.0,0.2171,0.10855
2023-03-30,2736.12,-0.3031,0.03707,-0.13301
2023-03-31,2760.96,-0.2263,0.3182,0.04595
2023-04-01,,,,
2023-04-02,,,,
2023-04-03,2753.11,,,
2023-04-04,2761.0,0.29558,0.37495,0.33526
2023-04-05,2760.26,-0.1733,0.01064,-0.08133
2023-04-06,2760.38,-0.31845,-0.1343,-0.22638
2023-04-07,,0.32723,0.4991,0.41317
2023-04-08,,,,
2023-04-09,,,,
2023-04-10,2760.71,0.0593,-0.00937,0.02497
2023-04-11,2765.29,-0.08618,-0.02996,-0.05807
2023-04-12,2769.99,-0.0231,0.0102,-0.00645
2023-04-13,2769.7,0.3695,0.1909,0.2802
2023-04-14,2781.47,0.00032,0.08008,0.0402
2023-04-15,,0.0,0.0,0.0
2023-04-16,,0.5423,0.0,0.27115
2023-04-17,2797.18,0.2263,-0.0258,0.10025
2023-04-18,2809.34,-0.10977,-0.21423,-0.162
2023-04-19,2809.01,0.0,0.1706,0.0853
2023-04-20,2813.94,0.3243,0.3638,0.34405
2023-04-21,,0.0,0.05135,0.02568
2023-04-22,,-0.6486,-0.7096,-0.6791
2023-04-23,,,,
2023-04-24,2816.23,0.0,0.5809,0.29045
2023-04-25,2814.98,0.50965,-0.26205,0.1238
2023-04-26,2817.21,0.0,0.3243,0.16215
2023-04-27,2827.24,0.0386,0.31245,0.17552
2023-04-28,2858.23,0.3715,0.20095,0.28622
2023-04-29,,-0.5106,-0.4019,-0.45625
2023-04-30,,0.0,0.1806,0.0903
2023-05-01,,-0.0565,0.1087,0.0261
2023-05-02,2859.63,-0.06915,-0.04745,-0.0583
2023-05-03,2863.9,-0.4767,0.0,-0.23835
2023-05-04,2875.33,0.10395,-0.04145,0.03125
2023-05-05,2886.42,0.06025,0.18682,0.12354
2023-05-06,,,,
2023-05-07,,,,
2023-05-08,2898.59,0.0,0.12755,0.06378
2023-05-09,2910.39,-0.1594,-0.13068,-0.14504
2023-05-10,2915.0,0.26663,0.37063,0.31863
2023-05-11,2928.48,0.04077,-0.1642,-0.06172
2023-05-12,2944.57,-0.3439,-0.4174,-0.38065
2023-05-13,,,,
2023-05-14,,,,
2023-05-15,2967.44,-0.06307,0.25358,0.09526
2023-05-16,2978.45,,,
2023-05-17,2990.02,-0.085,0.18655,0.05078
2023-05-18,2992.68,-0.00222,0.22662,0.1122
2023-05-19,2998.16,0.1779,0.7003,0.4391
2023-05-20,,0.29295,0.22895,0.26095
2023-05-21,,0.0,0.0,0.0
2023-05-22,3000.79,0.29933,0.49167,0.3955
2023-05-23,3005.48,0.1027,0.0,0.05135
2023-05-24,2996.11,0.0,0.0,0.0
2023-05-25,3003.53,0.0898,0.31245,0.20112
2023-05-26,3007.39,-0.1405,0.32127,0.09038
2023-05-27,,,,
2023-05-28,,0.0,0.0,0.0
2023-05-29,3007.26,-0.20095,0.0,-0.10048
2023-05-30,3002.96,0.09172,0.174,0.13286
2023-05-31,3013.46,0.06932,0.19418,0.13175
2023-06-01,3011.49,0.27447,0.50723,0.39085
2023-06-02,3026.89,-0.00828,0.12343,0.05757
2023-06-03,,,,
2023-06-04,,,,
2023-06-05,3034.95,-0.128,-0.10195,-0.11498
2023-06-06,3034.04,0.14845,0.0,0.07422
2023-06-07,3038.8,-0.08708,0.04448,-0.0213
2023-06-08,,,,
2023-06-09,3046.98,,,
2023-06-10,,,,
2023-06-11,,0.34,-0.2263,0.05685
2023-06-12,3047.79,-0.0683,0.1423,0.037
2023-06-13,3051.11,0.0081,0.24267,0.12538
2023-06-14,3056.04,0.54815,0.6269,0.58752
2023-06-15,3064.48,0.4404,0.6908,0.5656
2023-06-16,3082.71,-0.00092,0.24528,0.12218
2023-06-17,,-0.086,-0.3024,-0.1942
2023-06-18,,,,
2023-06-19,3093.01,-0.7225,-0.72655,-0.72452
2023-06-20,3097.34,,,
2023-06-21,3103.36,-0.18548,-0.0691,-0.12729
2023-06-22,3099.39,-0.14433,-0.02323,-0.08378
2023-06-23,3106.81,-0.6486,-0.5709,-0.60975
2023-06-24,,,,
2023-06-25,,,,
2023-06-26,3109.74,-0.4019,-0.1531,-0.2775
2023-06-27,3116.6,-0.4156,-0.09453,-0.25507
2023-06-28,3120.45,0.07452,0.24178,0.15815
2023-06-29,3132.06,0.1867,0.07773,0.13222
2023-06-30,3155.32,0.02142,0.06217,0.0418
2023-07-01,,,,
2023-07-02,,,,
2023-07-03,3152.07,,,
2023-07-04,3157.36,0.09223,0.0,0.04612
2023-07-05,3170.77,-0.1591,-0.3062,-0.23265
2023-07-06,3177.21,-0.17585,-0.2616,-0.21872
2023-07-07,3190.78,-0.23535,-0.3223,-0.27882
2023-07-08,,-0.13055,-0.401,-0.26578
2023-07-09,,,,
2023-07-10,3181.1,-0.2732,-0.296,-0.2846
2023-07-11,3181.58,0.0,-0.3182,-0.1591
2023-07-12,3179.95,0.148,0.5849,0.36645
2023-07-13,3178.31,0.5267,-0.2732,0.12675
2023-07-14,3184.03,0.2162,-0.1408,0.0377
2023-07-15,,-0.3612,-0.3612,-0.3612
2023-07-16,,0.0,0.0,0.0
2023-07-17,3182.62,0.13397,0.09647,0.11522
2023-07-18,3180.0,0.0,0.0,0.0
2023-07-19,3174.68,0.32805,0.3578,0.34292
2023-07-20,3173.7,-0.13054,0.1449,0.00718
2023-07-21,3185.21,-0.34,0.0,-0.17
2023-07-22,,,,
2023-07-23,,,,
2023-07-24,3182.42,0.02242,0.11176,0.06709
2023-07-25,3182.86,0.0,0.0,0.0
2023-07-26,3174.92,0.13194,0.3969,0.26442
2023-07-27,3173.67,-0.1242,0.31837,0.09708
2023-07-28,3181.25,-0.6705,-0.28595,-0.47822
2023-07-29,,,,
2023-07-30,,0.2202,0.1366,0.1784
2023-07-31,3197.18,-0.4767,-0.1531,-0.3149
2023-08-01,3189.33,0.25428,0.1589,0.20659
2023-08-02,3192.16,-0.12683,0.06428,-0.03127
2023-08-03,3201.72,0.33072,0.22045,0.27559
2023-08-04,3216.66,0.0829,-0.01323,0.03484
2023-08-05,,-0.1779,-0.3369,-0.2574
2023-08-06,,,,
2023-08-07,3219.41,0.02438,-0.02426,6e-05
2023-08-08,3216.83,0.10115,0.2294,0.16528
2023-08-09,3212.17,0.19532,-0.07343,0.06095
2023-08-10,3213.12,-0.1379,0.35875,0.11042
2023-08-11,3220.69,0.16798,0.22483,0.19641
2023-08-12,,,,
2023-08-13,,,,
2023-08-14,3214.57,-0.3182,-0.25,-0.2841
2023-08-15,3214.54,0.14192,0.29708,0.2195
2023-08-16,3212.37,0.06743,0.2613,0.16437
2023-08-17,3206.35,0.11595,0.03175,0.07385
2023-08-18,3209.51,0.0,-0.018,-0.009
2023-08-19,,0.0,-0.5023,-0.25115
2023-08-20,,,,
2023-08-21,3203.21,0.1204,-0.04943,0.03548
2023-08-22,3195.17,0.10185,0.1279,0.11488
2023-08-23,3189.65,-0.15445,0.0,-0.07722
2023-08-24,3190.05,-0.22503,0.0,-0.11252
2023-08-25,3197.1,0.5859,0.0,0.29295
2023-08-26,,,,
2023-08-27,,,,
2023-08-28,3189.09,0.02054,0.21362,0.11708
2023-08-29,3192.43,-0.04033,0.05383,0.00675
2023-08-30,3208.0,0.3143,-0.03995,0.13718
2023-08-31,3212.81,0.0129,-0.04569,-0.01639
2023-09-01,3217.23,-0.11315,0.0605,-0.02633
2023-09-02,,,,
2023-09-03,,,,
2023-09-04,3217.63,0.1909,0.1166,0.15375
2023-09-05,3215.79,0.15654,0.05876,0.10765
2023-09-06,3222.02,-0.00795,0.40322,0.19764
2023-09-07,,-0.2997,-0.1406,-0.22015
2023-09-08,3240.33,0.0,-0.5719,-0.28595
2023-09-09,,-0.0047,0.4649,0.2301
2023-09-10,,0.0,0.0,0.0
2023-09-11,3226.93,-0.091,-0.2792,-0.1851
2023-09-12,3224.84,,,
2023-09-13,3216.18,0.28077,0.10547,0.19312
2023-09-14,3216.4,0.08463,0.09383,0.08923
2023-09-15,3234.06,0.14985,-0.14672,0.00156
2023-09-16,,-0.7906,-0.5574,-0.674
2023-09-17,,-0.128,-0.4019,-0.26495
2023-09-18,3233.38,0.26117,0.33407,0.29762
2023-09-19,3229.52,-0.1366,0.2294,0.0464
2023-09-20,3224.7,0.03992,-0.06743,-0.01375
2023-09-21,3224.24,0.1127,0.4311,0.2719
2023-09-22,3226.39,0.19868,0.19255,0.19562
2023-09-23,,,,
2023-09-24,,,,
2023-09-25,3214.28,0.13397,0.5342,0.33408
2023-09-26,3199.14,-0.20424,-0.19918,-0.20171
2023-09-27,3193.15,-0.14375,-0.04532,-0.09454
2023-09-28,3193.17,0.47965,0.02955,0.2546
2023-09-29,3219.28,0.0,0.2775,0.13875
2023-09-30,,0.0,0.5859,0.29295
2023-10-01,,,,
2023-10-02,3197.13,0.12727,0.28963,0.20845
2023-10-03,3195.72,-0.05907,0.0484,-0.00533
2023-10-04,3184.79,0.0,0.2023,0.10115
2023-10-05,3183.15,-0.5423,-0.7783,-0.6603
2023-10-06,3183.21,-0.07867,-0.0121,-0.04539
2023-10-07,,,,
2023-10-08,,,,
2023-10-09,3179.35,,,
2023-10-10,3180.39,-0.21833,0.25553,0.0186
2023-10-11,3183.77,-0.10607,0.13397,0.01395
2023-10-12,,0.1779,0.4588,0.31835
2023-10-13,3192.01,-0.06783,0.1518,0.04198
2023-10-14,,,,
2023-10-15,,,,
2023-10-16,3190.17,-0.07543,-0.10487,-0.09015
2023-10-17,3183.18,-0.22382,-0.13682,-0.18032
2023-10-18,3173.8,0.08874,0.22912,0.15893
2023-10-19,3164.08,0.0024,-0.06681,-0.03221
2023-10-20,3168.43,-0.13087,-0.0777,-0.10428
2023-10-21,,,,
2023-10-22,,,,
2023-10-23,3172.4,-0.09407,0.05962,-0.01722
2023-10-24,3155.53,0.23263,0.09867,0.16565
2023-10-25,3150.21,0.1806,0.26335,0.22197
2023-10-26,3141.77,0.28595,0.10935,0.19765
2023-10-27,3155.69,-0.26835,-0.3254,-0.29688
2023-10-28,,,,
2023-10-29,,,,
2023-10-30,3156.07,0.04267,0.2919,0.16728
2023-10-31,3155.7,0.28163,0.3069,0.29427
2023-11-01,3146.95,-0.30363,0.29533,-0.00415
2023-11-02,,0.3612,0.0,0.1806
2023-11-03,3160.39,-0.4906,0.0,-0.2453
2023-11-04,,0.60195,0.443,0.52248
2023-11-05,,,,
2023-11-06,3162.81,0.0,0.0,0.0
2023-11-07,3172.96,0.0,0.064,0.032
2023-11-08,3174.22,0.08195,-0.05028,0.01584
2023-11-09,3177.75,-0.06564,0.2251,0.07973
2023-11-10,3182.18,-0.3818,-0.2551,-0.31845
2023-11-11,,,,
2023-11-12,,-0.7906,-0.5267,-0.65865
2023-11-13,3180.24,-0.12765,-0.09543,-0.11154
2023-11-14,3184.4,0.0593,0.15603,0.10767
2023-11-15,,0.0611,0.2588,0.15995
2023-11-16,3191.32,-0.0526,-0.2202,-0.1364
2023-11-17,3197.69,0.10538,-0.14158,-0.0181
2023-11-18,,-0.6369,-0.6597,-0.6483
2023-11-19,,0.8074,0.7003,0.75385
2023-11-20,3196.44,-0.23947,0.3485,0.05452
2023-11-21,3191.36,-0.064,0.2616,0.0988
2023-11-22,3179.7,-0.03915,0.16597,0.06341
2023-11-23,3178.48,-0.3655,0.1691,-0.0982
2023-11-24,3174.49,-0.05088,0.30445,0.12679
2023-11-25,,,,
2023-11-26,,0.0,0.1531,0.07655
2023-11-27,3159.19,0.0,0.3402,0.1701
2023-11-28,3167.49,0.16463,0.1702,0.16742
2023-11-29,3164.0,0.0,-0.0318,-0.0159
2023-11-30,3176.56,0.09492,0.4021,0.24851
2023-12-01,3175.08,0.1531,0.1531,0.1531
2023-12-02,,0.08668,0.0222,0.05444
2023-12-03,,0.0,0.0,0.0
2023-12-04,3184.55,-0.03423,0.04267,0.00422
2023-12-05,3189.9,-0.06427,0.2378,0.08677
2023-12-06,3191.27,-0.32583,-0.47892,-0.40238
2023-12-07,3179.69,-0.17224,0.1777,0.00273
2023-12-08,3189.62,,,
2023-12-09,,-0.53505,-0.50395,-0.5195
2023-12-10,,,,
2023-12-11,3180.99,-0.05338,0.17032,0.05847
2023-12-12,3169.67,-0.17448,0.16705,-0.00371
2023-12-13,3177.05,0.50615,0.12395,0.31505
2023-12-14,3184.23,0.00637,0.15603,0.0812
2023-12-15,3189.62,0.1005,0.1808,0.14065
2023-12-16,,0.2023,0.6808,0.44155
2023-12-17,,,,
2023-12-18,3197.51,-0.2377,0.11205,-0.06282
2023-12-19,3206.75,0.13917,0.41134,0.27525
2023-12-20,3212.55,-0.08469,0.25949,0.0874
2023-12-21,3232.47,-0.07253,0.1278,0.02763
2023-12-22,3260.47,-0.13397,0.18487,0.02545
2023-12-23,,,,
2023-12-24,,0.1779,0.4215,0.2997
2023-12-25,,,,
2023-12-26,3285.4,0.03055,0.05812,0.04434
2023-12-27,3298.6,-0.28075,-0.2745,-0.27762
2023-12-28,3311.43,0.1246,-0.16143,-0.01841
2023-12-29,,0.00813,0.02157,0.01485
2023-12-30,,,,
2023-12-31,,0.3182,0.0,0.1591
2024-01-01,,,,
2024-01-02,3314.09,-0.128,0.5267,0.19935
2024-01-03,3324.41,,,
2024-01-04,3320.38,0.0,0.0,0.0
2024-01-05,3324.23,-0.14985,0.12415,-0.01285
2024-01-06,,,,
2024-01-07,,,,
2024-01-08,3327.1,-0.34518,-0.34758,-0.34638
2024-01-09,3324.9,,,
2024-01-10,3324.85,-0.23032,0.0,-0.11516
2024-01-11,3318.09,0.06337,0.2381,0.15074
2024-01-12,3325.7,0.17807,0.1515,0.16478
2024-01-13,,0.0,0.0,0.0
2024-01-14,,,,
2024-01-15,3332.17,-0.1316,0.0966,-0.0175
2024-01-16,3334.51,0.13397,-0.25723,-0.06163
2024-01-17,3332.51,-0.16828,-0.16187,-0.16508
2024-01-18,3329.82,-0.03372,-0.01712,-0.02542
2024-01-19,3340.16,-0.0172,0.31437,0.14858
2024-01-20,,0.2023,0.2023,0.2023
2024-01-21,,-0.3071,-0.125,-0.21605
2024-01-22,3334.06,0.01172,-0.02122,-0.00475
2024-01-23,3330.06,-0.07676,-0.12438,-0.10057
2024-01-24,3324.42,-0.15388,-0.06312,-0.1085
2024-01-25,3324.32,-0.14067,0.00936,-0.06566
2024-01-26,3331.59,-0.18655,-0.20485,-0.1957
2024-01-27,,,,
2024-01-28,,,,
2024-01-29,3329.25,-0.11002,-0.10904,-0.10953
2024-01-30,3327.55,-0.05228,-0.19858,-0.12543
2024-01-31,3333.51,-0.06495,0.16165,0.04835
2024-02-01,3320.47,-0.01952,0.06323,0.02186
2024-02-02,3332.88,0.0,0.1366,0.0683
2024-02-03,,0.0,0.0,0.0
2024-02-04,,,,
2024-02-05,3327.93,0.12727,0.13242,0.12984
2024-02-06,3332.48,0.13092,0.07682,0.10387
2024-02-07,3340.69,0.6369,0.6705,0.6537
2024-02-08,3339.78,-0.13884,-0.1599,-0.14937
2024-02-09,3351.99,-0.15528,-0.11748,-0.13638
2024-02-10,,0.3612,0.3182,0.3397
2024-02-11,,-0.23835,-0.1909,-0.21462
2024-02-12,,0.10633,-0.18323,-0.03845
2024-02-13,,0.0,0.4767,0.23835
2024-02-14,3342.91,0.0,0.5106,0.2553
2024-02-15,3349.19,-0.802,0.2732,-0.2644
2024-02-16,3350.11,0.0,0.6597,0.32985
2024-02-17,,,,
2024-02-18,,-0.2615,-0.61903,-0.44027
2024-02-19,3357.03,-0.09354,-0.12993,-0.11174
2024-02-20,3357.64,-0.2294,-0.2294,-0.2294
2024-02-21,3356.04,-0.28031,-0.4614,-0.37086
2024-02-22,3354.5,-0.03854,-0.0247,-0.03162
2024-02-23,3363.24,0.0,0.0258,0.0129
2024-02-24,,,,
2024-02-25,,0.4404,0.7964,0.6184
2024-02-26,3352.02,-0.02548,0.15865,0.06659
2024-02-27,3346.0,-0.05702,0.05005,-0.00348
2024-02-28,3343.32,0.28493,0.3567,0.32082
2024-02-29,3360.0,0.04167,-0.19195,-0.07514
2024-03-01,3366.5,-0.08176,0.22772,0.07298
2024-03-02,,,,
2024-03-03,,,,
2024-03-04,3364.83,-0.3364,-0.28642,-0.31141
2024-03-05,3366.96,0.0,0.15094,0.07547
2024-03-06,3365.18,0.0231,0.22268,0.12289
2024-03-07,3371.76,-0.00118,0.01008,0.00445
2024-03-08,3382.28,-0.1182,0.0683,-0.02495
2024-03-09,,,,
2024-03-10,,,,
2024-03-11,3374.45,0.05658,-0.30978,-0.1266
2024-03-12,3368.76,0.0,-0.4767,-0.23835
2024-03-13,3367.44,-0.11152,-0.11048,-0.111
2024-03-14,3365.68,0.17555,0.17467,0.17511
2024-03-15,3367.01,-0.12462,0.07942,-0.0226
2024-03-16,,,,
2024-03-17,,0.3875,0.3875,0.3875
2024-03-18,3374.01,0.4063,0.1909,0.2986
2024-03-19,3373.64,-0.18478,-0.46362,-0.3242
2024-03-20,3378.25,0.03372,0.13692,0.08532
2024-03-21,3381.26,0.038,-0.04069,-0.00134
2024-03-22,3393.14,0.30587,0.46977,0.38782
2024-03-23,,,,
2024-03-24,,-0.8217,-0.8005,-0.8111
2024-03-25,3390.05,0.184,0.01727,0.10063
2024-03-26,3392.25,-0.1002,0.05019,-0.02501
2024-03-27,3395.41,0.06743,0.29553,0.18148
2024-03-28,3408.15,-0.02065,0.1148,0.04707
2024-03-29,,,,
2024-03-30,,,,
2024-03-31,,,,
2024-04-01,3403.41,0.03828,0.30528,0.17178
2024-04-02,3406.57,0.01205,0.1784,0.09522
2024-04-03,3412.02,0.2083,0.0751,0.1417
2024-04-04,3414.28,0.20413,0.27223,0.23818
2024-04-05,3422.18,0.1591,0.1855,0.1723
2024-04-06,,0.30293,-0.1597,0.07162
2024-04-07,,-0.11905,0.7217,0.30132
2024-04-08,3421.87,-0.17,0.44665,0.13832
2024-04-09,3420.76,0.06187,-0.02442,0.01873
2024-04-10,3418.43,-0.05923,0.2416,0.09119
2024-04-11,3417.57,0.0,-0.43127,-0.21563
2024-04-12,3423.95,-0.01378,-0.14377,-0.07878
2024-04-13,,,,
2024-04-14,,,,
2024-04-15,3412.68,0.09266,0.17399,0.13332
2024-04-16,3402.52,-0.07687,0.14623,0.03468
2024-04-17,3391.31,-0.07324,-0.2028,-0.13802
2024-04-18,3386.78,-0.09098,0.10843,0.00873
2024-04-19,3391.17,0.08808,0.3267,0.20739
2024-04-20,,0.0,0.0,0.0
2024-04-21,,0.33335,0.42775,0.38055
2024-04-22,3380.0,-0.1931,-0.14088,-0.16699
2024-04-23,3373.24,0.2235,0.27647,0.24998
2024-04-24,3365.41,0.09867,0.42977,0.26422
2024-04-25,3360.86,-0.1009,-0.23325,-0.16708
2024-04-26,3366.74,-0.22894,-0.1327,-0.18082
2024-04-27,,,,
2024-04-28,,,,
2024-04-29,3374.93,-0.16169,-0.05591,-0.1088
2024-04-30,3381.79,0.661,0.50335,0.58218
2024-05-01,,0.3271,0.55137,0.43923
2024-05-02,3376.4,-0.10916,-0.18472,-0.14694
2024-05-03,3391.61,-0.28446,-0.05075,-0.16761
2024-05-04,,-0.5994,-0.6705,-0.63495
2024-05-05,,-0.09867,0.0,-0.04933
2024-05-06,3392.61,-0.25746,-0.36854,-0.313
2024-05-07,3394.53,-0.03787,0.01534,-0.01127
2024-05-08,3398.1,0.13481,0.1059,0.12036
2024-05-09,3389.27,0.107,0.00886,0.05793
2024-05-10,3397.79,-0.46107,-0.62323,-0.54215
2024-05-11,,-0.5994,-0.5267,-0.56305
2024-05-12,,-0.07937,-0.45577,-0.26757
2024-05-13,3376.5,-0.30956,-0.08392,-0.19674
2024-05-14,3367.72,-0.1295,0.0709,-0.0293
2024-05-15,3372.59,0.03702,0.01403,0.02552
2024-05-16,3379.54,0.0836,-0.04188,0.02086
2024-05-17,3392.31,0.03372,-0.01118,0.01127
2024-05-18,,,,
2024-05-19,,,,
2024-05-20,3391.26,0.06303,0.07285,0.06794
2024-05-21,3386.75,0.0,0.7264,0.3632
2024-05-22,3383.74,0.13636,0.27924,0.2078
2024-05-23,3374.75,0.19215,0.23698,0.21456
2024-05-24,3379.01,0.1488,0.05795,0.10337
2024-05-25,,,,
2024-05-26,,,,
2024-05-27,3374.83,0.26133,0.43525,0.34829
2024-05-28,3363.68,-0.04187,-0.03843,-0.04015
2024-05-29,3371.11,-0.23203,-0.2017,-0.21687
2024-05-30,,,,
2024-05-31,3382.34,-0.23343,0.11307,-0.06018
2024-06-01,,,,
2024-06-02,,,,
2024-06-03,3371.58,-0.03163,0.01128,-0.01018
2024-06-04,3364.04,0.04592,0.15358,0.09975
2024-06-05,3356.08,0.067,0.22958,0.14829
2024-06-06,3358.89,-0.16463,0.17017,0.00277
2024-06-07,3358.85,0.00107,0.1021,0.05158
2024-06-08,,0.10115,0.0488,0.07498
2024-06-09,,,,
2024-06-10,3345.21,0.10846,-0.2101,-0.05082
2024-06-11,3334.98,0.00252,-0.02354,-0.01051
2024-06-12,3320.42,-0.11817,0.15743,0.01963
2024-06-13,3295.71,-0.00939,0.29904,0.14483
2024-06-14,3312.59,0.09161,0.1685,0.13006
2024-06-15,,-0.7523,-0.5119,-0.6321
2024-06-16,,-0.5574,-0.128,-0.3427
2024-06-17,3305.93,-0.18317,0.02191,-0.08063
2024-06-18,3301.41,0.16686,0.2342,0.20053
2024-06-19,3300.19,0.141,0.11545,0.12822
2024-06-20,3301.49,-0.0546,0.09212,0.01876
2024-06-21,3299.38,-0.04935,-0.06004,-0.05469
2024-06-22,,0.0,0.25,0.125
2024-06-23,,,,
2024-06-24,3296.23,0.0,-0.02413,-0.01207
2024-06-25,3301.23,0.1905,0.29429,0.24239
2024-06-26,3311.05,-0.18081,-0.0392,-0.11
2024-06-27,3328.12,-0.13828,-0.20049,-0.16939
2024-06-28,3347.33,-0.12734,-0.12682,-0.12708
2024-06-29,,-0.128,-0.128,-0.128
2024-06-30,,,,
2024-07-01,3318.84,-0.18521,-0.05356,-0.11939
2024-07-02,3305.51,-0.14873,-0.35467,-0.2517
2024-07-03,3302.82,0.13248,0.02648,0.07947
2024-07-04,3323.67,-0.08098,-0.12897,-0.10498
2024-07-05,3341.64,-0.0583,-0.34198,-0.20014
2024-07-06,,-0.04455,0.0952,0.02532
2024-07-07,,0.0,-0.0775,-0.03875
2024-07-08,3347.36,0.1246,0.0779,0.10125
2024-07-09,3349.16,0.08038,-0.05317,0.01361
2024-07-10,3349.04,0.07374,0.19625,0.13499
2024-07-11,3350.64,0.0,0.0,0.0
2024-07-12,3370.07,-0.16999,-0.0482,-0.10909
2024-07-13,,,,
2024-07-14,,,,
2024-07-15,3375.26,0.0,0.11315,0.05658
2024-07-16,3382.99,-0.20568,0.06267,-0.0715
2024-07-17,3388.1,-0.45205,0.08825,-0.1819
2024-07-18,3382.64,0.02278,0.16883,0.09581
2024-07-19,3391.72,0.17312,0.2932,0.23316
2024-07-20,,,,
2024-07-21,,0.0,0.0,0.0
2024-07-22,3390.99,-0.05971,0.06109,0.00069
2024-07-23,3386.19,-0.24917,-0.22658,-0.23788
2024-07-24,3381.51,0.00674,0.10264,0.05469
2024-07-25,3375.0,0.21473,0.10236,0.15855
2024-07-26,3375.85,0.16911,-0.04601,0.06155
2024-07-27,,0.08895,0.33055,0.20975
2024-07-28,,,,
2024-07-29,3353.38,-0.08357,-0.24463,-0.1641
2024-07-30,3358.4,-0.08786,-0.04094,-0.0644
2024-07-31,3364.78,0.15687,0.07559,0.11623
2024-08-01,3365.6,0.06954,0.03486,0.0522
2024-08-02,3368.97,0.12481,0.06331,0.09406
2024-08-03,,0.0715,-0.10465,-0.01658
2024-08-04,,,,
2024-08-05,3352.64,0.02056,0.3057,0.16313
2024-08-06,3347.44,0.21127,0.20908,0.21018
2024-08-07,3349.29,0.10305,0.1031,0.10308
2024-08-08,3345.06,0.00088,-0.04716,-0.02314
2024-08-09,3349.97,-0.14427,-0.09806,-0.12117
2024-08-10,,-0.69137,-0.4152,-0.55328
2024-08-11,,-0.4019,0.0,-0.20095
2024-08-12,3352.25,-0.08098,0.23703,0.07803
2024-08-13,3355.2,-0.10688,-0.04076,-0.07382
2024-08-14,3363.1,-0.18628,-0.00588,-0.09608
2024-08-15,3374.02,-0.13266,-0.10734,-0.12
2024-08-16,3385.46,-0.10821,0.12291,0.00735
2024-08-17,,-0.16215,-0.02017,-0.09116
2024-08-18,,,,
2024-08-19,3382.02,-0.0288,0.2857,0.12845
2024-08-20,3382.52,-0.18285,0.4543,0.13572
2024-08-21,3381.82,-0.06968,0.09173,0.01102
